Model,R-squared
Linear Regression,0.6687407117584969
Random Forest,-0.16844477600040908
